rid,rname,address,city,country,phone_number,num_deliveries
1,Andrea Lee,99846 Shaun Tunnel Suite 674 D,East Robin,Guinea,001-368-614-610,0
2,Pamela Martin,821 Nguyen Rapid Suite 590 Bro,Lake Regina,Iran,893.630.5776,0
3,Sandra Strong,1467 Richard Club New Mikeshir,Jimenezmouth,United States of Ame,8821868729,0
4,Jake Reed,1684 David Via Johnsonland OR,Tonyburgh,Costa Rica,876.306.9300x49,0
5,David Brown,529 Conley Roads East Donna M,South David,New Caledonia,(455)353-3498x4,0
6,Beth Ramirez,428 Ramirez Rest Apt. 064 Lake,Sandrashire,Mozambique,337-515-5806x75,0
7,Donna Underwood,8326 Blake Creek Lake Stephani,East Andrew,Antigua and Barbuda,800.960.4835x26,0
8,Anthony Hinton,68467 Aguirre Overpass Port Ja,Port Allisonmouth,Spain,(560)198-8554,0
9,Andrea Jones,27720 Jason Villages Suite 899,Ashleefort,Macao,(427)702-1960x4,0
10,Jennifer Grant,PSC 8153 Box 9359 APO AE 4374,West Katrina,Sri Lanka,240.539.8863x92,0
11,Lisa Davis MD,33210 White View Moorehaven M,Saraview,Uganda,(344)008-1033,0
12,Elizabeth Lopez,37237 Robbins Plains East Alic,Lake Travis,Cyprus,684-755-8006x94,0
13,Mary Parker,8982 Peter Ports Cooleytown K,Ambertown,Rwanda,(518)682-8353x6,0
14,Melody Kelly,PSC 0496 Box 7193 APO AA 9636,West Amandachester,Pitcairn Islands,-8097,0
15,Dr. Patrick Garret,4992 Oliver Estate South Bryan,Michaelberg,Saudi Arabia,813-187-9540x40,0
16,Robert Hawkins MD,009 Amber Circle South Jeremy,Hicksmouth,Lesotho,(163)689-7148,0
17,Nancy Miller,59518 Wilson Port New Katie O,East Jenniferchester,Nigeria,333-743-6589x27,0
18,Nathan Wang,0713 Moore Parkways East Nicol,New Davidview,Palau,669-147-8396x93,0
19,Michael Dunn,6732 Rowe Cove Kelleystad DE ,Tiffanyfort,Germany,627-631-5627x64,0
20,Dr. Krista Webb,30663 Hicks Crescent Apt. 094 ,Brayberg,Niue,-2410,0
21,Mark Johnson,482 Knox Passage Apt. 995 Port,Curtisfort,New Zealand,402.352.1052,0
22,April Reeves,38177 Randy Forge Suite 299 Ne,New Kellyport,Malaysia,668740890,0
23,Andrew Wilkerson,654 Richardson Extensions Apt.,Lake Christy,Uruguay,012-443-3559x02,0
24,Gregory Bates,631 Leroy Inlet Ryanmouth ME ,Jamesview,Antarctica (the terr,715.607.6762x10,0
25,Brandi Dixon,699 Lowe Park Suite 141 Michae,Websterton,Saudi Arabia,523.887.7027,0
26,Wendy Holden,598 Cunningham Cove Whitechest,Steeleburgh,Mexico,099.206.5721x26,0
27,Kristen Brown DVM,082 Vickie Loaf Saraburgh CT ,East David,China,873.368.0335x08,0
28,Brian Cross,16620 Noah Estate Port Megan ,Bakerbury,Sweden,958.731.6154x44,0
29,Manuel Jimenez,5408 Lisa Plaza Suite 885 Port,East Dannyview,Guam,3061532916,0
30,Gregory Chandler,94112 Martin Ways Michaelbury,Amyburgh,Libyan Arab Jamahiri,(352)943-7254x8,0
31,Dawn Gregory,302 Michael Manor Apt. 390 Ste,Jacobsside,Estonia,627-002-0415x71,0
32,Emily Thomas,60765 Garcia Hollow Poncebury,Port Mikeburgh,Kyrgyz Republic,(102)489-3223x9,0
33,Kayla Valdez,PSC 9008 Box 9186 APO AE 2407,Patrickside,Cameroon,604.414.2619x88,0
34,Rebecca Cole,5837 Jermaine Extensions Suite,West Autumn,Mayotte,947-833-8705x42,0
35,Victoria Callahan,5061 Ware Ranch Suite 453 Ashl,North Jean,Turks and Caicos Isl,001-530-837-000,0
36,Dr. Michael Hanson,825 William Hollow Stephenburg,Christinaview,Mongolia,-4668,0
37,Curtis Wright,613 Fischer Fords West Lauren,East Pennyfurt,Angola,-3554,0
38,James Johnson,66141 Stephens Track Richardch,New Matthew,Equatorial Guinea,001-167-273-747,0
39,Jennifer Flores,32166 Freeman Isle Port Morgan,Hancockland,Haiti,517-859-7001x71,0
40,Kristina Hayes,932 Callahan Grove Suite 090 L,North Melissachester,Saint Helena,(076)030-0569x2,0
41,Joseph Smith,8965 Patricia Haven North Laur,North Jeremyland,Macedonia,9272962641,0
42,Edwin Medina,420 Hansen Branch Suite 712 So,West Lauraton,Macao,9143508049,0
43,Justin Hurst,370 Green Pass Andreastad MN ,Christophertown,Heard Island and McD,(901)564-3002,0
44,Brandon Carlson,83085 Dana Walks Rebeccaland ,Timothyton,Equatorial Guinea,771.717.4107x17,0
45,Rachel Cannon,038 Manning Isle New Hannahmou,Markville,Belarus,001-911-982-171,0
46,Randy Baker,94232 William Brook East Logan,Ortizshire,Peru,442-273-1549x62,0
47,Craig Thompson,93333 Jasmine Turnpike Apt. 54,Hernandezfort,Nepal,-5575,0
48,Nicholas King,538 Marshall Fort Myersburgh ,Jessicaburgh,Pakistan,658.963.1936x51,0
49,Christopher Cooper,82207 Hart Locks Apt. 641 Weav,Atkinsborough,Sao Tome and Princip,6328425467,0
50,Lance Cooper,75946 Donald Junctions Lake Al,Port Franciscoton,Cyprus,818.586.9017,0
51,Yolanda Weeks,640 Rachel Freeway Apt. 485 Ro,Tammyview,Central African Repu,048.657.5963x60,0
52,Mallory Ryan,437 Nathan Curve Kyleview MD ,New Eric,Russian Federation,-10957,0
53,Hannah Lozano,18615 Barbara Springs Jennifer,Brianmouth,Bhutan,249.639.9638x32,0
54,Laura Gillespie,017 Jones Plain Walshside MN ,East Rebeccaville,Norway,787-308-6626x75,0
55,Diana Daniels,626 John Flats Suite 454 Nicho,Elizabethmouth,Brazil,(854)866-8685,0
56,Edward Jones,42874 Mclaughlin Junction Juli,North Sean,Comoros,005.113.0164,0
57,Richard Conley,415 Kyle Trail Suite 623 Marti,Chenberg,Iceland,-3539,0
58,Andrea Burgess,43166 Gomez Square Walkerborou,West Stevenmouth,Poland,428-875-3423x88,0
59,Casey Rios,61286 Lee Plains Apt. 476 Lake,North Stevenbury,Saint Barthelemy,(457)015-9139,0
60,Timothy Reed,414 Jesse Overpass Apt. 015 No,New Matthewtown,Gabon,856-628-8217,0
61,John Johnson,636 Amanda Point Mcphersonton,New Brianfurt,Haiti,3719503510,0
62,Jacqueline Boyer,1019 Eileen Row Suite 470 Bail,Pattyside,Azerbaijan,4823852106,0
63,Deborah Rice,0192 Kaufman Port Apt. 242 Hea,Lake Carolineberg,Eritrea,756-191-7689x30,0
64,Rhonda King,111 Stacy Estate Conwayshire ,Markberg,Western Sahara,001-613-950-499,0
65,Ryan Jackson,299 Miller Rue Suite 737 South,South Alexandra,Bulgaria,6370341046,0
66,Dr. Daniel Riley,9320 Rachel Ranch Darylburgh ,Mccoychester,United States Virgin,260.706.3209x22,0
67,Theresa Mullins,27861 Mark Mission Apt. 000 Ke,West Kimberlyshire,Czech Republic,-2195,0
68,Tyler Moore,62251 William Island Suite 689,Stephenville,New Caledonia,4854887894,0
69,John Jenkins,2608 Joel Mountains Apt. 962 P,Parkershire,Macedonia,561643762,0
70,Kathy Allen,8683 Mccarthy Crossroad Suite ,West Seantown,Greece,664.157.9368x57,0
71,Mitchell Washingto,14949 Williams Spur Chentown ,Port Susanborough,Norfolk Island,001-998-860-040,0
72,Alex Evans,Unit 7009 Box 4210 DPO AA 0272,Ethanside,Palestinian Territor,4775361119,0
73,James Duffy,9826 Kristina Lakes Suite 002 ,Ashleyport,Lao People's Democra,637-486-0139x60,0
74,Paul Lynn,77240 Harper Mews Suite 588 No,Timothyside,Hong Kong,(226)015-4136,0
75,Stephanie Barr,97357 Hall Roads Suite 443 Nor,Port Douglas,Western Sahara,624-161-6041x49,0
76,Jeremy Cooper,335 Durham Coves Apt. 798 Nort,Lake Danielfort,Central African Repu,277.299.3277,0
77,Eric Munoz,Unit 5953 Box 8142 DPO AE 4311,Tylerfurt,Vanuatu,1967447989,0
78,Rickey Simmons,7227 Daniels Trace Apt. 894 Da,Mooreville,Mauritania,(956)972-3970x0,0
79,Brian Foster,47431 Lauren Knolls Port Molly,Brooksmouth,Greece,591-072-9494x69,0
80,Joseph Meyer,77759 Brown Ports Suite 150 So,New Christina,Senegal,(790)699-6470,0
81,Gregory Harrison,55947 Scott Lakes Suite 878 No,Lake Cynthiashire,Suriname,994.771.8048x48,0
82,Mr. Nathaniel John,763 Allen Pine Johnnyberg MO ,Gilberthaven,British Virgin Islan,033.925.6297x79,0
83,James Martinez,0392 Brenda Junction Georgebur,Garrettville,Monaco,-8782,0
84,David Haas,199 Chris Well Ronaldstad ND ,Andersonhaven,Eritrea,-2239,0
85,Damon Walker,04144 Jennifer Squares Apt. 14,New Tonya,Ethiopia,(213)392-8391x8,0
86,Michael Greer,06410 Christopher Flats Suite ,Stevenchester,Kiribati,144-481-3159x48,0
87,Melissa Elliott,388 Mccoy Lodge Apt. 847 Alanb,Tonihaven,Indonesia,973-290-3949x90,0
88,Lisa Reynolds,095 Jared Inlet Smithmouth VT,North Jason,Argentina,-9283,0
89,Matthew Jordan,770 April Fords Ashleytown HI,Port Jeffery,Macedonia,(243)685-8957,0
90,Stephanie Cross,5155 Ashley Overpass Suite 588,Lake Garymouth,Iran,091.198.6507x05,0
91,Nicolas Duncan,Unit 7746 Box 5192 DPO AA 2235,West Terriview,Saint Vincent and th,001-850-911-413,0
92,Derrick Jackson,91987 Barry Stream New Julie ,New Patrick,Antarctica (the terr,-9774,0
93,Gary Warren,USNV Sullivan FPO AE 27389,Lake Danielborough,Isle of Man,-8349,0
94,Michael Black,476 Louis Parks Traceytown AR,East Sara,Kyrgyz Republic,-10898,0
95,Jeremy Reyes,824 Ashley Avenue South Alexan,Lake Emilyfort,Mozambique,669-828-1113,0
96,Joseph Harrison,54919 Hicks Center Walkermouth,Jessicachester,Romania,517.253.1319,0
97,Alan Perkins,94267 Elizabeth Plains Davidha,New Garyton,Ireland,-8121,0
98,Ann Randolph,60163 Garcia Mews Atkinsonton,South Tanyaport,Uzbekistan,020.085.3145,0
99,Don Baker,9685 Bruce Spring Martinview ,Princehaven,Palau,(855)680-2832x1,0
100,Joshua Myers,91622 Taylor River Suite 376 B,West Jamiefort,Lithuania,001-355-258-121,0
101,James Reyes,9832 Schmidt Ford Port Regina,East Susanshire,Czech Republic,(091)028-0176x7,0
102,Christina Brown,USCGC Anderson FPO AP 34241,Lake Tina,Denmark,987.722.9648x69,0
103,Mary Garcia,93254 Diane Highway Apt. 438 E,North Gloriaberg,Argentina,559.501.1933,0
104,Francisco Bennett,3553 Allen Dale Suite 324 New ,New Laurie,Benin,(456)438-0168,0
105,Cheryl Thompson,49703 Ponce Summit Greenmouth,Brownfurt,Burundi,610-225-1310,0
106,Neil Taylor,032 Alexis Inlet Gonzalesview,Lake Fernandofort,Georgia,460.391.3665x77,0
107,Kendra Barnes,86719 Brown Stream South Monic,Jacksonberg,Reunion,001-996-581-494,0
108,Michael Johnson,5254 Graham Track Suite 681 Ea,Brayland,Cyprus,516.783.6226x50,0
109,Alexandra Bowen,129 Amber River Suite 109 Port,South Robert,Kyrgyz Republic,982.765.0365x40,0
110,Pamela Rodriguez,0852 Sean Mission Suite 263 St,Port Frances,Jamaica,-9043,0
111,Thomas Miller,0977 Sutton Alley Hollybury N,Kevinfort,Armenia,(506)977-4598x3,0
112,Jason Lewis,9438 Wilson Fords South Janetv,Lake Amyhaven,Kazakhstan,-2886,0
113,Dawn Bishop,514 Jerome Loop Jesusfurt CT ,Gallegosview,Faroe Islands,001-209-908-886,0
114,Michael Harris,06153 Pope Park Apt. 566 Ramir,North Edgar,Jersey,940-351-7248x84,0
115,Lauren Wong,055 Lester Oval Whitemouth NH,Johnchester,Latvia,(209)371-4590x4,0
116,Hannah Allen,17689 Paige Crossroad East Ben,Carrollshire,French Polynesia,(313)082-2425,0
117,Stephanie Harmon,PSC 5778 Box 6380 APO AA 7499,East Sonya,Tanzania,3365992007,0
118,Kimberly Foster,6995 Kevin Villages Yangcheste,Deniseshire,Iraq,764-501-6297,0
119,Taylor Mejia,Unit 0142 Box 8636 DPO AA 9465,Reedton,Cote d'Ivoire,-10593,0
120,James Murphy DVM,36994 Franklin Road New Brian,North Catherine,Tunisia,(041)416-3107x1,0
121,Mr. Michael Duncan,1896 Valerie Squares Apt. 994 ,Lake Wendystad,Tunisia,827-606-3375x22,0
122,Kelly Beard,1038 Murphy Summit Suite 957 P,Leeville,Kiribati,001-813-915-463,0
123,Monique King,893 Willie Rue Apt. 655 Wangmo,Sharonberg,Nepal,863.539.5321,0
124,Russell Campbell,PSC 2334 Box 7209 APO AA 9719,Harmonport,Heard Island and McD,-1174,0
125,David Moore,66892 Watson Village New Carly,South Regina,Zambia,1447199018,0
126,Maria Thomas,419 Jackson Square New Ryanfur,Loribury,San Marino,001-773-763-853,0
127,Angela Greene,Unit 1522 Box 3236 DPO AP 8168,New Mark,Belgium,772.151.7504x69,0
128,Janice Perez,706 Jesse Harbors New Christin,Port Jocelyn,Guadeloupe,787.325.3406,0
129,Heather Fernandez,4542 Cassandra Freeway Suite 9,North Lynnton,Tonga,061.901.6389x12,0
130,Jeremy Mckee,511 Jeff River Suite 040 Josec,Elizabethfurt,Iran,298-507-5123,0
131,Beth Ramirez,7490 Johnson Harbor Suite 242 ,New Johnathan,Cuba,498.639.9635x74,0
132,Susan Green,91814 Peterson Mission Mcgeesh,North Kimberly,Albania,-10634,0
133,Kathy Saunders,93439 Haynes Field Suite 936 S,Port Derekshire,Mauritania,(236)868-2864x8,0
134,Alex Rasmussen,18693 Wood Neck New Kathy RI ,New Jesse,Tuvalu,337.329.5836,0
135,Shawn Mcdonald,1914 Williams Path Apt. 642 Ne,New Robert,Saint Kitts and Nevi,(972)685-6235x2,0
136,Stephanie Burke,17652 Sandy Cliffs Apt. 181 Ne,Meganshire,Montserrat,(697)558-1272x3,0
137,Christina White,8330 Rogers Trace Port Daniell,Williamsville,Finland,-8263,0
138,William Miller,35601 Rogers Hills East Britta,New Jamie,Japan,609.270.0702x82,0
139,Christina Powell,070 Gary Radial Port Taylorfor,Port Sheila,France,895-170-4657x29,0
140,Monica Campbell,1865 Lindsey Ports Suite 978 H,West Markhaven,Morocco,476.542.6984x90,0
141,Kyle Jones,97690 Williams Ways Apt. 200 C,East Johnny,Aruba,001-476-021-150,0
142,Stacey Bradley,9313 Taylor Groves Pamelamouth,West Julie,Guernsey,001-899-240-019,0
143,Christian Ochoa,1323 Michele Mountain East Jua,Gamblechester,Sudan,-4990,0
144,Brandon Thompson,46702 Katherine Cliffs Suite 0,North Ryan,Bhutan,001-542-119-622,0
145,Timothy Faulkner,043 Howard Plaza Apt. 300 Lake,West Sarahstad,Belarus,(382)475-1452,0
146,Damon Jones,884 Edwards Cape Suite 894 Jos,Angelaside,Yemen,524.745.4946x93,0
147,Mathew Crawford,Unit 2742 Box 0045 DPO AE 3608,Port Ericton,Argentina,001-732-955-027,0
148,Gregory Clark,6733 Payne Prairie Apt. 898 So,South Larrymouth,Mauritius,446.210.2524x78,0
149,Alyssa Burton,5699 Anthony Villages Thompson,New Waynestad,Saint Martin,847001938,0
150,Elizabeth Morgan,718 James Field Suite 583 New ,New Vanessa,Malaysia,(976)938-0996x5,0
151,Jose Perez,62835 Stacey Shoals West Dougl,Cassandraburgh,Marshall Islands,423-207-3344,0
152,Maurice Hill,56945 Larson Crossroad Leemout,East Christian,Burundi,(812)276-9768,0
153,John Weber,47057 Marcus Streets Maldonado,Richardville,Saint Vincent and th,232.685.8128,0
154,Tracy Miller,253 Snyder Mews Suite 721 Sout,North Derek,Netherlands Antilles,518-876-9142x58,0
155,Shelly Leonard,835 Paul Knolls Edwardsland W,New Stevenbury,Aruba,058-211-3160x28,0
156,Jennifer Pineda,USS Williams FPO AE 30389,Lake Amandaview,Saint Pierre and Miq,(786)367-1633x8,0
157,Brandy Edwards,6699 Manning Drive Apt. 158 An,Danaton,Malaysia,164-754-2899x84,0
158,Tara Henderson,USS Fields FPO AA 17664,Lake Diane,Pakistan,936-998-1597x30,0
159,Laura Novak,47643 Perry Trace Suite 060 Ea,Rhondashire,Korea,700.943.9857x11,0
160,Brooke Klein,798 Bruce Turnpike North Annch,West Michael,Madagascar,-8424,0
161,James Young,988 Brent Street Lake Zacharyb,North Danielchester,Tanzania,001-100-913-861,0
162,Dominique Garza,478 Acosta Skyway Suite 749 La,Lozanotown,Falkland Islands (Ma,445.783.3588,0
163,Brandi Smith,265 Ricky Row North Frankside,Rachelmouth,Peru,256.173.1106x53,0
164,Albert Flowers,989 Carl Fords Kennethfort NJ,Ferrellstad,Myanmar,001-141-311-010,0
165,Andrew Evans,4734 Amy Lock Port Andrea CT ,Lake Joshuamouth,Eritrea,397.562.9277,0
166,Juan Foster,053 Henderson Dale Suite 427 E,Maureenville,French Guiana,284-532-7953x01,0
167,Stephen Anderson,6160 Vincent Cliff Suite 594 P,South Nicole,Togo,(096)871-1805,0
168,Christopher Rodrig,USNS Dixon FPO AE 59787,Chavezland,Macao,(250)545-6375,0
169,Candice Wilson,6716 Logan Locks Apt. 606 New ,Ryanstad,Lesotho,808-921-6552x36,0
170,Mr. Robert Wilson,5436 Vargas Skyway North Steph,Delacruzhaven,Saint Barthelemy,(410)467-8705,0
171,Charles Singh,4479 David Lock Davidfurt UT ,New Phillip,Kiribati,021.553.0128,0
172,Kelly Mata,308 Cassandra Islands East Chr,Lake Christopher,Gabon,460.574.5345x77,0
173,Jacqueline Martin,759 Kelly Mission Suite 421 No,West Richard,Uganda,917.192.6218,0
174,Kristen Hogan,61275 Gonzalez Spurs Suite 106,Jonesland,Tanzania,(634)750-6428x8,0
175,Joseph Mercado,6834 Beverly Fields South Toni,Richardsonborough,Saint Helena,557.766.4277,0
176,Marc Norton,92322 Terry Lake Suite 585 Sou,West Monica,Togo,588.554.0372x83,0
177,Brandy Torres,594 Ward Walks Lake Paulfurt ,West Nancy,Liberia,868-647-0434x08,0
178,Michele Osborne,PSC 4309 Box 1612 APO AA 5686,West Brittanystad,Puerto Rico,(873)749-3370,0
179,Donna Anderson,6128 Kim Summit Apt. 089 Jense,Lake Maxview,Denmark,8240494316,0
180,Keith Holden,94083 Keith Estate Jeffreyport,Kochborough,New Caledonia,-2483,0
181,Jared Hooper,368 Dustin Common Apt. 143 Mic,Port Thomasfort,Saint Pierre and Miq,-9261,0
182,Becky Huynh,7080 Christopher Course Suite ,Dustinmouth,Liberia,(009)908-0075x4,0
183,Jennifer Mcclure,021 Middleton Brooks South Jam,Port Robin,Saint Kitts and Nevi,466-898-6158,0
184,Vicki Hudson,98930 James Stravenue New Aman,Lake Michaela,Mongolia,395-053-0002x27,0
185,Thomas Blackburn,58616 Ryan Plaza Suite 768 New,New Jonathan,Belgium,-2695,0
186,Wayne Figueroa,8475 White Island Suite 283 We,New Darleneville,Holy See (Vatican Ci,712-537-8527x63,0
187,Marvin Kelley,70938 Aaron Lodge Suite 711 No,Reedport,Saint Helena,-4945,0
188,John Ford,5215 Smith Throughway Davidfur,New Kathleenmouth,Belgium,728-788-5452,0
189,Alexandra Harvey,USNV Wilson FPO AE 70169,Brennanchester,Burkina Faso,515.209.3245,0
190,Tina Rasmussen,7414 David Turnpike Avilaside,Joshuastad,Jordan,829.320.7085x79,0
191,Harold Wall,97504 Hoffman Unions Bowersber,Lake Emily,China,(448)125-8548x5,0
192,Charles Ward,8188 Lauren Viaduct Janicestad,Teresaside,Tonga,997-868-4777x52,0
193,Kevin Nielsen,2996 Macdonald Mount North Han,South Williambury,Serbia,(635)110-3304x4,0
194,William Good,Unit 9592 Box 5085 DPO AA 9099,New Carlamouth,Morocco,889-859-7999,0
195,James Griffin,99216 Laura Harbors Suite 246 ,North Graceview,Christmas Island,001-148-904-015,0
196,Kimberly Rice,53156 Daniel Street Amberhaven,New Jeremy,Mozambique,-3327,0
197,Melissa Ramirez,0372 Adams Locks Apt. 304 Sout,Lake Kendraland,Fiji,977.269.1615,0
198,Dr. Seth Frazier,596 Monroe Station Suite 925 P,North Laurastad,Botswana,001-874-778-025,0
199,Wendy May,5107 Megan Knolls West Jennife,Fritzmouth,Turks and Caicos Isl,245-658-4594x43,0
200,Amanda Nguyen,76183 Holt Ramp South Dylanlan,Pattersonland,Saint Vincent and th,-8602,0
201,Scott Baker,6861 Taylor Terrace Stevenshir,Joshuaside,Madagascar,100.123.5550x48,0
202,Whitney Mitchell,423 Kayla Bypass Suite 923 Eas,New Anna,Brunei Darussalam,363.868.4675x16,0
203,Emily Jordan,280 Buchanan Avenue Apt. 360 N,North Taratown,Serbia,810-391-8176x87,0
204,Ryan Harvey,0965 Wendy Valleys West Jessic,New Sarah,Puerto Rico,(482)563-1239x5,0
205,Arthur Lambert,0127 Nicole Gardens Suite 545 ,Kyleville,Belarus,343.260.5707,0
206,Ruth Maxwell,5237 Hernandez Square Suite 30,Smithfurt,Eritrea,4453544151,0
207,Marissa Carter,46667 Carol Glens East Diane ,Kimberlymouth,Belize,588-854-7411x73,0
208,Daniel Smith,Unit 8701 Box 0421 DPO AA 9551,New Edwardstad,Egypt,153.329.1343,0
209,Karina Davis,75041 Simpson Springs Apt. 871,Port Monica,Nepal,248-995-8852x96,0
210,Stacy Bernard,410 Miller Locks Rollinsmouth,South Ericfort,Palestinian Territor,001-422-403-271,0
211,Amy Clark,PSC 2826 Box 2676 APO AA 8253,Sandersland,Taiwan,4474301389,0
212,Noah Gonzalez,642 Rose Burg North Heather I,New Joel,Suriname,546-017-0727,0
213,Kathryn Wolfe,4748 Larry Port Patelside RI ,Matthewmouth,Lebanon,-8197,0
214,Christopher Taylor,6514 Vincent Mountains East Am,Ericburgh,Saint Vincent and th,575.385.8071,0
215,Kevin Johnson,555 Amy Fork Port Melanie GA ,Thompsonchester,Niue,918-336-7246,0
216,Kelly Little,3819 Kayla Field Apt. 555 Jeff,Bobbyland,Tunisia,001-470-276-211,0
217,James Collins,515 Lee Station Suite 648 Rive,North Lisa,Bahamas,4010486578,0
218,Sandy West,6381 Mary Summit Suite 879 New,South Kyleshire,Saudi Arabia,001-800-374-535,0
219,Valerie Anderson,83969 Carl Wells Apt. 938 Port,New David,Canada,896.219.1640x71,0
220,Gina Dominguez,6243 Sydney Court Apt. 166 Sou,Derektown,Congo,470.439.6292x12,0
221,Mrs. Mary Brown DD,21021 Luna Mission Melissaches,Jodifurt,San Marino,173365162,0
222,Carrie Garner,PSC 8309 Box 6135 APO AA 2566,New Alexismouth,Gabon,005-253-7743x02,0
223,Miguel Shah,0731 Stephanie Forks West Jose,South Aprilland,Luxembourg,(716)142-8130x5,0
224,John Martinez,7030 Brooks Gateway West Antho,Brettview,Namibia,298.627.0992,0
225,Gerald Jones,1262 Michael Canyon Apt. 938 L,South Kevin,Argentina,-5471,0
226,Hayley Brown,1887 April Place North Catheri,Diazbury,Palau,2108024666,0
227,Marilyn White,13138 Jonathan Underpass Apt. ,West Heatherborough,Hungary,5546642354,0
228,Nichole Ramirez,5831 Sullivan Walk Suite 652 N,Marieton,India,-5971,0
229,Brittney Morgan,706 James Point Apt. 111 South,East Jaimeton,Sao Tome and Princip,(685)478-0253,0
230,Luke Rodriguez DDS,3991 West Course Apt. 116 Lake,South Adamhaven,Mayotte,-8984,0
231,Bruce Scott,Unit 2215 Box 0860 DPO AA 5016,Port Christinefort,Puerto Rico,-7678,0
232,Molly Howell,71634 Williams Row South Toni,Martinezport,Mexico,456.848.8918x65,0
233,Christopher Dougla,2378 Sandy Mission West Alliso,South Luisshire,British Indian Ocean,949-508-3105,0
234,Joshua Arnold,84166 Jackson Light Suite 522 ,East Nathanton,Fiji,990-720-7029x09,0
235,Timothy Moore,52861 Shelton Stravenue Suite ,Jamiechester,Qatar,160.293.3566x92,0
236,Bryan Lopez,USS Graham FPO AE 61229,Port Lori,Cote d'Ivoire,806.004.6400,0
237,Kevin Jordan,PSC 3812 Box 8291 APO AP 2521,Lindamouth,Kiribati,(671)642-1527x1,0
238,Mark Clark,88620 Anthony Prairie Suite 40,Lake Christopher,Sudan,-6859,0
239,Allison Brock,6175 Robin Brooks Suite 158 No,Matthewfurt,New Caledonia,229.489.8861x89,0
240,Donna Stokes,28544 Hill View Ericmouth OH ,Ashleyfort,Belize,612-321-0015x03,0
241,Hannah Cunningham,087 Krista Isle Johnsonberg M,North Christinechest,Mauritania,-1234,0
242,Jennifer French,091 Janet Pass New Stephen IA,Port Lindsaystad,Bermuda,6902287496,0
243,Denise Chavez,0914 Lisa Fords New Joseph MT,North Paulbury,Burundi,979-756-1562x53,0
244,Brandon Hines,0987 Blake Park Apt. 814 Russo,Timothyborough,Ukraine,807.923.0808,0
245,Paul Daugherty,872 Price Bridge New Edward N,Mezaville,Papua New Guinea,001-075-156-454,0
246,Samuel Owens,960 Cook Inlet Jenkinsberg KS,Karenside,Saint Barthelemy,599.007.6384,0
247,Christopher James,3664 Mercer Walk Suite 003 Sim,Kathyport,Jordan,-2408,0
248,Ryan Erickson,6021 Lori Well Chadland DE 10,North Brittanymouth,Madagascar,001-892-415-487,0
249,Erica Frank,0759 Parker Fords Suite 265 Ea,Rogerberg,Western Sahara,-9301,0
250,Melissa Dixon,63940 Cordova Plains Suite 354,Scottborough,Israel,-6796,0
251,Rodney Pierce,4002 Nicole Skyway Michaelches,Ericview,Costa Rica,7648467821,0
252,Michael Young,6412 Wilcox Shoals Suite 129 L,Scottberg,Uganda,-6704,0
253,Lindsey Parker,0605 Jean Points Suite 025 Wes,Jamesbury,Portugal,(567)458-0722x8,0
254,Patricia Hall,09971 Jennings Island Apt. 380,Ballshire,Equatorial Guinea,-10238,0
255,Harold Baldwin,92919 Tim Bypass North Cindymo,Torresfort,Czech Republic,247-413-9965,0
256,Dawn Coffey,974 Bird Center Apt. 134 Simps,North Noahbury,Pitcairn Islands,735-393-2729,0
257,Chelsea Garza,20534 Victoria Shoals Suite 58,Maryton,Svalbard & Jan Mayen,001-166-347-315,0
258,Nicholas Roth,2198 Vaughn Islands Apt. 215 L,Juliestad,Central African Repu,7032412637,0
259,Erika Bell,817 Jones Skyway Suite 653 Lak,Port Steven,United Arab Emirates,-2289,0
260,Dustin Hensley,237 Latoya Pike Suite 975 Derr,South Ronaldville,Turkmenistan,001-332-657-863,0
261,James Strickland,95989 Fletcher Court Suite 769,South Jeffrey,Niue,(161)040-4844x1,0
262,Heather Martinez,204 Hooper Haven Suite 098 Lak,Lake George,San Marino,082-802-5038,0
263,Monica Hansen MD,33757 Darrell Meadows Suite 53,Deleonmouth,Saint Martin,552.475.6363x16,0
264,Steven Peters,728 Isabel Lock Wellsmouth IA,South Mary,Serbia,849.309.6531x79,0
265,Sharon Smith,72517 Darlene Squares Lake Cha,Port Kaitlin,Kiribati,646.993.1101x38,0
266,Brian Bell,5709 Palmer Orchard Donaldland,Port Shawna,Peru,-6325,0
267,Susan Ruiz,68191 Carrillo Port Port Mary,East Christinaville,Western Sahara,001-817-340-831,0
268,Sean Leonard,5861 Sarah Spring Savannahview,East Randallstad,Reunion,374-887-9216x41,0
269,Teresa Jenkins,94937 Lewis Creek Suite 465 Co,West Samuel,Bouvet Island (Bouve,627-003-1813,0
270,Anna Harrell,503 Burns Ridge Chungton MT 0,Lake Amanda,Bulgaria,169-409-5250x63,0
271,Mark Watkins,00408 John Rue Apt. 227 Port D,East Veronicachester,Swaziland,314.618.8049x30,0
272,Crystal Williams,01294 Alfred Corners North Dav,New Eric,Chad,574.998.2389,0
273,Matthew Pena DDS,24649 Lindsey Extension Apt. 3,Patriciaview,Heard Island and McD,(132)199-1135x1,0
274,Kathleen Hanson,2152 Tracy Mission Suite 993 B,North Timothychester,Hong Kong,-8997,0
275,James Ruiz,Unit 1415 Box 1779 DPO AA 4528,South Melissa,Algeria,(679)491-7669x8,0
276,David Stephens,217 Devon Rapid Apt. 125 Judym,East Alexisbury,Niue,880-429-7990x85,0
277,Thomas Clarke,470 Woods Plains Lopezmouth M,South Colleen,Mauritius,-4328,0
278,Meghan Wells,Unit 8001 Box 0200 DPO AP 5726,New Adrianstad,Vietnam,(231)392-7459,0
279,Janet Li,26089 Susan Court Allisonland,Bennettberg,Tonga,-6360,0
280,Kevin Brown,32643 Michael Streets East Pat,Haileystad,Dominica,9193551959,0
281,Benjamin Arellano ,82053 Harper Shore Apt. 681 We,Lake Michael,Reunion,-10566,0
282,Dean Dixon,643 Cynthia Course South Melis,Michellestad,Samoa,001-851-456-362,0
283,Christina Lam,284 Burke Manor Apt. 721 New C,North Cory,Cape Verde,(680)090-8260,0
284,Christopher Frankl,5672 Fritz Mount Suite 205 Eas,Smithview,Saint Helena,388-732-3631,0
285,Julie Thompson,938 Sarah Wells North Katherin,Larryview,Indonesia,3070933405,0
286,Rhonda Gonzalez,0271 Judy Inlet Suite 042 Clar,Markmouth,Samoa,091.173.3160x47,0
287,Brendan Jenkins,296 Nicholas Cape South David,Ellisburgh,Congo,5871308038,0
288,Richard Spence,71464 Robin Port Smithberg CT,Mccoyborough,Palestinian Territor,(067)310-9230x7,0
289,David Mcmahon,045 Corey Cove Robertsport KY,New Jesse,Serbia,713.643.9677x79,0
290,Jeffrey Spencer,4574 Meredith Mountain Lake Er,North Leslie,Norway,(391)118-9792x2,0
291,Doris Phillips,64627 Ortiz Cape Apt. 639 Sout,Millertown,Gambia,242-729-4730,0
292,Mr. Scott Acevedo ,72306 Megan Stravenue Suite 02,West Zachary,Morocco,001-566-190-011,0
293,Brittney Reyes,908 Mendoza Cliffs Nancystad ,Greerbury,New Caledonia,1181014553,0
294,Harry Taylor,23547 Jones Ville Apt. 747 Sul,Walkerport,Benin,-9399,0
295,Isabella Richard,8681 Taylor Mountains Port Ton,Patelmouth,Holy See (Vatican Ci,803-964-5313x40,0
296,Megan Sanders,2257 Judy Cliff New Toddland ,North Josephchester,Mauritania,001-013-812-534,0
297,Cheyenne Rich,291 Boyle Cove North Lauramout,Bullockville,United Arab Emirates,-4120,0
298,Stephanie Mcgrath,5627 Nguyen Ways West Jasmine,North Norma,Benin,(590)484-5731x5,0
299,Jill Bell,170 Aaron Skyway Apt. 714 Bren,East Kevinhaven,Oman,731090885,0
300,Jaclyn Lopez,8740 Ashley Landing East James,New Teresafort,Norfolk Island,636-112-8237,0
