1,Jennifer Johnson,25564 Cook Via Suite 262 Lake,Alexanderburgh,Pakistan,(359)351-7418x0,1,0
2,Maria Jackson,1289 Garcia Corners Christinas,Dickersonmouth,Iran,092.570.6489x32,2,0
3,Caroline Maxwell,5973 Simmons Greens North Jami,South Marymouth,Solomon Islands,(115)988-9515x5,0,0
4,Julie Davis,04223 Malone Fields Apt. 944 J,South Keithmouth,Holy See (Vatican Ci,113.078.5183x16,0,0
5,Dwayne Bailey,6285 Moreno Crossing Apt. 245 ,West Nicoleburgh,Latvia,001-223-342-263,0,0
6,Brett Lee,4501 Sara Neck Brownborough O,Wilsonview,British Indian Ocean,001-697-613-853,0,0
7,Timothy Welch,6639 Steven Canyon Campbellfur,Barbermouth,Solomon Islands,(458)169-7790x8,0,0
8,Lindsay Decker,9520 Edward Ranch Sototon AZ ,South Sean,Croatia,(007)649-8377,0,0
9,Jennifer Williams,6351 Scott Key Suite 518 North,Whitestad,Pakistan,+1-189-756-7050,2,0
10,Amanda Williams,9640 Thomas Rue Lake John MN ,Christopherburgh,Indonesia,064-419-5924,0,0
11,Andrea Mathis,9068 Amanda Green East Kevin ,Port Karenhaven,Syrian Arab Republic,877-577-0755x74,1,0
12,Donald Goodwin,481 Dean Drives Suite 938 Barb,East James,Rwanda,001-123-319-396,0,0
13,Thomas Sanchez,4201 Jones Courts Apt. 930 Wes,Robertport,Bolivia,(035)373-4321,0,0
14,Jennifer Oneill,USNS James FPO AA 50628,North Michael,Greece,647.871.3179x14,0,0
15,Kevin Bowers,62490 Joseph Ramp Apt. 738 Por,New Katherineview,Saint Vincent and th,001-632-577-151,0,0
16,William Lucero,9032 Gonzalez Locks Landryberg,Ericafort,Mongolia,684-875-3099,0,0
17,Gina Webb,451 Burton Curve Lake Alexande,West Heathermouth,Afghanistan,(835)783-0615,0,0
18,Barbara Thompson,717 Alexis Gateway Apt. 655 La,Michaelton,Congo,145-006-2704x52,0,0
19,Martha Nguyen,903 Kenneth Avenue Suite 328 E,Charlesburgh,Cote d'Ivoire,001-273-425-147,0,0
20,David Martin,4384 Webster Cove South Philli,North Ashley,United States Virgin,1471167493,0,0
21,Mark Vega,0422 Thompson Way Apt. 156 Jam,Sharonstad,Qatar,095-261-9870x82,0,0
22,Deanna Anderson,14529 Green Cliff Apt. 035 Pau,Port Julia,Sao Tome and Princip,001-619-244-068,0,0
23,Henry Torres,2333 Bradley Field Suite 548 R,East Craigtown,Cuba,+1-062-414-0523,0,0
24,Maria Moore,93524 Phillips Lane Apt. 269 J,North Michealtown,Iran,493.727.2169x39,0,0
25,Richard Olson,PSC 7516 Box 0839 APO AA 2818,North Valerieland,Honduras,387-358-1805,0,0
26,John Arnold,4121 Donald Light Suite 098 Kr,East Kylefurt,Fiji,905.420.8976x43,0,0
27,Jamie Roth,398 Thompson Dam South Vanessa,Barreratown,Denmark,540.070.7668x40,0,0
28,Gloria Armstrong,Unit 9930 Box 7265 DPO AP 7148,Schmidtton,Czech Republic,023-425-4629,0,0
29,Brett Roy,471 Wilson Fork Carneystad RI,North Lindaville,Bhutan,055.618.9770x01,0,0
30,Jennifer Baker,902 Thomas Plain Suite 332 Por,Laurabury,Macedonia,569-622-5825,0,0
31,Tyrone Harmon,516 Bell Knoll Floydfort ID 9,New Donaldmouth,Niger,+1-032-638-5095,0,0
32,Jason Jacobson,2730 Bond Knolls Doyleville R,South Veronica,Czech Republic,(073)470-7978,0,0
33,Karla Thompson,922 Mann Orchard Suite 180 Mor,East Danielside,Namibia,652-887-4770x29,0,0
34,Kimberly Mason,37295 Kyle Fort West Julie IL,North Timothyside,Kiribati,001-675-475-275,0,0
35,Emily Strong,8189 Samuel Valley Andreburgh,West Alexandrafort,France,6807540673,0,0
36,Kathleen Patel,7633 Bailey Harbors Apt. 838 N,North Randall,Mauritania,(026)932-8501x9,0,0
37,Taylor Shannon,PSC 8334 Box 2472 APO AP 9974,New Maryfurt,Palau,100.906.3416,0,0
38,Erica Richardson,PSC 8267 Box 6001 APO AE 0565,South Dennis,Pitcairn Islands,(625)687-6135x3,0,0
39,Victor Webb,260 Roberts Ville Suite 199 We,Joannehaven,Botswana,9588814372,0,0
40,Rebekah Thompson,864 Black Walks East Alexis A,Benjaminshire,Liechtenstein,001-157-135-110,0,0
41,Elizabeth Gonzalez,197 Hernandez Orchard Briannab,South Michaelburgh,Tuvalu,645-654-5506x44,0,0
42,Emily Day,64971 Elizabeth Lights Apt. 50,West Erik,Thailand,563-405-8136,0,0
43,Sherry Adams,4220 Rachel Crescent Apt. 811 ,Sanchezhaven,Tunisia,001-859-888-446,0,0
44,Jacob Poole,4531 Wright Roads Apt. 208 New,Port Alisonbury,Christmas Island,(287)814-9246,0,0
45,Thomas Brown,32214 Stewart Plaza South Jame,North Amyport,Belarus,001-091-959-998,0,0
46,Sean Reynolds,3390 Eric Drives South Cherylf,Nelsonstad,Tonga,239-194-6019x40,1,0
47,Amanda Martin,PSC 7834 Box 1643 APO AP 3680,East Monica,Mauritius,609.878.4126x88,0,0
48,James White,PSC 8005 Box 2932 APO AA 1225,Port Jessica,Costa Rica,923.350.3408x61,0,0
49,Louis White,5793 Clinton Trace Apt. 218 Go,Davilaside,United States Virgin,(648)991-0917,0,0
50,Nicole Williams,162 Jacobs Fork Tiffanyton GA,Atkinsonhaven,Rwanda,001-076-350-284,0,0
51,John Wright,0315 Thomas Skyway Suite 397 K,North Brandon,Monaco,796.920.7285,0,0
52,Denise Rodriguez,52697 Ford Fork Suite 974 West,New Diamondberg,Turkey,249-137-3656x86,0,0
53,Kirsten Hubbard,071 Brown Unions Apt. 518 Wagn,West Jessicaport,Myanmar,001-169-664-975,0,0
54,Corey Campbell,85976 Reid Bypass Suite 296 Ne,Port Stephanieshire,Mayotte,(562)675-7176x6,0,0
55,Ashley Young,795 Crystal Forges West Kelly,West Katrina,Chile,792-532-9189x59,0,0
56,William Lane,157 Kathy Crossroad South Mist,Colonshire,Libyan Arab Jamahiri,288.538.0491x73,0,0
57,Cameron Lawrence,72088 Ross Street Apt. 317 Por,Port Jonathan,Cuba,(389)430-4452x1,0,0
58,Betty Perez,2897 James Vista Jenniferberg,Durhambury,Zimbabwe,(376)128-7141x9,0,0
59,Amy Garcia,9414 Kennedy Fords Penafort D,Annaside,Guinea,401.683.2238x33,0,0
60,Christian Reyes,6755 Gutierrez Views Amandavie,Craigstad,Sierra Leone,+1-857-960-7880,0,0
61,Bradley Glass,61088 James Streets Apt. 771 W,Robertoborough,Croatia,476-054-2761x60,0,0
62,Brian Shaffer,19965 Keith Cliff West Joseph,North Dorothyhaven,Tajikistan,377-076-8085,0,0
63,Casey Newman,3674 Mcneil Dam Jenniferboroug,Willietown,Jersey,482.624.8865x84,0,0
64,Christopher Flores,88169 Smith Land Apt. 727 East,East Janetburgh,Brunei Darussalam,301.986.9867,0,0
65,Jennifer Mann,15763 Gerald Plains Lake Raymo,South Shawn,Oman,(828)261-8162x5,0,0
66,William Obrien,833 Lang Groves Suite 642 Lesi,Michaelland,United States of Ame,001-290-134-975,0,0
67,Edward Bell,4567 Sharon Highway Apt. 051 R,North Dustin,Denmark,001-632-154-686,0,0
68,Daniel Greene,67035 Delgado Shoal Port Matth,West Leslieshire,Guatemala,747-308-6406,0,0
69,Dawn Alvarado,2017 Luke Mount Suite 715 New ,East Tinaburgh,New Zealand,170-762-6450,0,0
70,Jennifer Cook,6955 Gallagher Parkways Port K,West David,Christmas Island,686-464-3702,0,0
71,Antonio Howard,9431 Chris Drives Apt. 805 Wes,Baileyview,Korea,852-337-2068x12,0,0
72,Trevor Hudson,04950 Cindy Corner Suite 120 S,Toddberg,Jordan,8444697434,0,0
73,Patrick Lee,334 Tyler Path Port Gabriel M,Evansview,Namibia,822.281.4686x81,0,0
74,Kari Parker,09566 Angela Parkway Apt. 439 ,Port Crystal,Korea,703-703-2619,1,0
75,Haley King,4693 Greg Wells Jessicafort M,East Shannonside,Guinea-Bissau,(321)309-4008,0,0
76,Theresa Hahn,626 Justin Brooks New Benjamin,Floydfort,Guernsey,539.821.0746,0,0
77,Leslie Crawford,315 Evan Mountains South Carri,Andersonport,Marshall Islands,359-565-1783x59,0,0
78,Michael Case,31019 Amanda Trace Port Anthon,South Justinview,Mexico,001-012-712-807,0,0
79,Roger Mullins,19354 Stevenson Well Suite 859,Port Vanessaport,Anguilla,411.754.6346,0,0
80,Francisco Wells,3574 Jesus Walk Port Toddtown,New Dawnfort,Botswana,941-688-7209x94,0,0
81,Allen Larson,850 Eric Circle Jennafort MO ,East Mary,Jamaica,384.438.4558,2,0
82,Kaylee Gonzales,913 John Isle Apt. 621 South S,South Normaport,Latvia,+1-473-233-5995,0,0
83,Jocelyn Clark,032 Lee Cove Benjaminstad ID ,Robertmouth,Indonesia,001-891-272-334,0,0
84,Patricia Rivera,06530 Jessica Inlet Suite 028 ,Edwardsfort,French Polynesia,742-381-9227x06,0,0
85,Robert Davenport,62450 Garcia Square Apt. 312 W,West Dominique,Estonia,+1-777-312-7791,0,0
86,Jennifer Powers,26981 Kelly Island Gordonfurt,West Joshua,Bahrain,(748)220-1805x0,0,0
87,Jamie Cooper,287 William Avenue West Benjam,Port Mitchellshire,Maldives,+1-109-394-2773,1,0
88,Mark Turner,83975 David Neck Suite 534 Eas,West Sabrina,Macedonia,(541)987-9482,0,0
89,Michele Hubbard,928 Shannon Springs Suite 741 ,Lake Patrick,Guadeloupe,(971)409-2392x0,0,0
90,Kayla Dennis,158 Yolanda Mill North Alex S,New Maria,Romania,+1-387-314-9564,0,0
91,James Scott,Unit 7176 Box 4475 DPO AE 8855,South Ryanchester,Bahamas,549.002.7617,0,0
92,Jennifer Pope,Unit 3043 Box 3187 DPO AP 4014,West Alyssaport,Maldives,001-894-414-022,0,0
93,Rachel Hardy,1720 Rodriguez Street Apt. 011,North Colleenfort,Cote d'Ivoire,131-285-8839x50,0,0
94,Susan Collins,177 Thomas Spur Apt. 880 Fredb,Port Christineton,British Indian Ocean,001-242-897-016,0,0
95,Danielle Conrad,66519 Ward Gateway Tiffanymout,South Danielfort,Cocos (Keeling) Isla,001-233-458-568,0,0
96,Diane Wheeler,104 Wells Mountain Apt. 851 Po,Mitchellshire,Romania,(943)672-6412x6,0,0
97,Tiffany Anthony,Unit 8091 Box 8458 DPO AP 0605,Georgetown,Gambia,179-231-2314x14,0,0
98,Angela Finley,Unit 8356 Box 2085 DPO AP 8174,South Stevenstad,Bosnia and Herzegovi,802.745.6892,0,0
99,Michelle Carroll,24561 Rita Extensions Apt. 154,South Tyler,Senegal,120-188-9433x85,0,0
100,Sarah Allen,46745 Dylan Estate Suite 197 N,North Sheilastad,Norway,085.309.2715,0,0
101,Devin Ferrell,7915 Mitchell Manors Suite 325,South Kristen,Panama,420-536-7922x38,0,0
102,Samantha Richards,43343 Taylor Harbors Penaberg,Matthewburgh,French Polynesia,001-667-017-662,0,0
103,Ashley Smith,76672 Keith Passage Suite 615 ,New Hannahville,Vietnam,326.203.7196x73,0,0
104,Brent Marshall,81176 Martinez View Williamsfu,Port Kevinhaven,Bangladesh,539-758-9224,0,0
105,Tanya Williamson,2748 Anthony Drive Apt. 330 We,South Kristin,Cocos (Keeling) Isla,+1-921-029-1497,0,0
106,Michele White,1512 Wilson Courts Apt. 498 Em,Lake Alicia,Ghana,369-746-7083x55,0,0
107,Charles Aguilar,979 Gomez Rest Apt. 586 Port D,East Jamesmouth,United States of Ame,001-981-596-277,0,0
108,Carl Davis,1745 Heidi Village Suite 098 B,Mariaville,Dominica,333.103.7388,0,0
109,Mrs. Brittany Chav,3265 Pamela Islands Chaneymout,South Brandontown,United States of Ame,+1-495-599-2008,0,0
110,Robert Brewer,5391 Stephanie Ramp Apt. 809 B,North Timothyfort,Namibia,(535)141-7187x2,0,0
111,Jennifer Valencia,192 Ross Wall Lake Dianeboroug,Lake Janet,Saint Pierre and Miq,001-383-801-287,0,0
112,Michael Wong,347 Kennedy Divide Apt. 448 So,Sarashire,India,001-714-123-228,0,0
113,Gabriel Evans,7278 Don Drive Orrside MO 359,Brendaside,Bosnia and Herzegovi,001-553-775-414,0,0
114,Jillian Howell,24719 Bailey Row Apt. 190 Port,Howardville,United Arab Emirates,245-768-3035x29,1,0
115,Susan Grant,460 Franklin Villages Suite 75,Ramirezstad,Cameroon,001-902-790-309,1,0
116,Paul Miller,2652 Cervantes Drive Apt. 634 ,New Elizabeth,Cuba,(080)619-4299x5,0,0
117,Janet Lopez,0016 Brian Burgs Hernandezview,Jasmineshire,Niue,001-740-301-949,0,0
118,Amber Cole,81656 Jimenez Views Ramirezber,Maloneville,Thailand,+1-762-932-2906,0,0
119,Barbara Jackson,9234 Joseph Lane Marcmouth NC,West Allisonmouth,Ukraine,970.286.2079,0,0
120,Anthony Horn,34397 Potter Rapid Perezfurt ,South Jacqueline,Puerto Rico,394-987-2678x61,0,0
121,Madison Kramer,38187 Christopher Road South M,Roblesland,French Southern Terr,582.216.5337x76,0,0
122,Richard Nelson,535 Daniel Union Garyton MA 6,Rosetown,Grenada,535.404.7432,0,0
123,Ashley Flynn,833 Brent Field Suite 223 Nort,Allenville,Guernsey,+1-604-751-8643,0,0
124,Laura Morrison,96357 Foster Inlet New Mariest,North Wendyfort,Georgia,074.028.4052x63,0,0
125,Eric Chung,543 David Forges Suite 332 Luk,East Seanborough,Central African Repu,643-968-4269x86,1,0
126,Christopher Campbe,09994 Wilson Tunnel West Nancy,New Eric,Cook Islands,108.814.2117,0,0
127,Joseph Hoover,78666 Harper Flat South Charle,Munozfort,Turkmenistan,330.673.9687,0,0
128,Mia Johnston,USS Cole FPO AE 43405,North Angela,Norway,(612)994-0330x5,0,0
129,Carlos Peters,011 Tina Mill Shahhaven TN 51,Matthewborough,Tuvalu,862.089.7241x55,2,0
130,Karen Wood,58935 Garcia Well Suite 649 Bu,Josephhaven,Turkey,1954458071,0,0
131,Lisa Oliver,8169 Rowe Springs Wesleymouth,East Alicia,Congo,043.452.7132,0,0
132,Mr. Fred Mata,USNV Klein FPO AP 09730,Michelleland,Bermuda,223-694-2395x00,0,0
133,Aaron Atkinson,926 Gomez Points Suite 348 Nor,Terrellfort,France,118.172.3934,0,0
134,Elizabeth Casey,0299 Melinda Harbors Apt. 581 ,Rossstad,Bouvet Island (Bouve,213-639-9049x07,0,0
135,Monica Chang,51023 Richmond Springs Melissa,Danielbury,Antigua and Barbuda,(163)526-8697,1,0
136,Lawrence Camacho,7001 Wayne Mews Bishopburgh S,Smithport,Martinique,635.579.1011x98,0,0
137,Christian Mitchell,381 Debra Haven Apt. 408 Conra,Jeremymouth,Zambia,664.210.1409,1,0
138,John Lopez,92351 Sarah Extension Suite 99,West Catherinemouth,Andorra,088.524.7278x39,0,0
139,Stephanie Young,USS Patrick FPO AE 81932,Timothymouth,United States Minor ,330.520.3157x73,0,0
140,Ian Willis,818 Miller Forge North Joseph,South Donaldport,Serbia,538.028.6381x66,0,0
141,Lauren Quinn,81652 Katrina Run North Derric,Amandachester,Mozambique,677-514-8239x23,0,0
142,Patricia White,69609 Miller Locks Joshuaport,New Marthastad,Belgium,239-442-5706x77,0,0
143,Emily Brown,24320 Salinas Square Rojasmout,Port Anthony,Bahamas,072.887.3345x60,0,0
144,Logan Torres,2540 King Circles Apt. 848 Del,Davidborough,Faroe Islands,828-062-8188x91,0,0
145,Gary Bell,6329 Andrew Forks Suite 495 Jo,Natalieport,United Kingdom,+1-844-146-6121,0,0
146,Sylvia Berry,532 Martinez Prairie New Dawn,Garyland,Morocco,001-491-549-629,0,0
147,Kimberly Goodman,04621 Martin Course Michaellan,Wilkinsland,Cape Verde,001-352-999-950,0,0
148,Mikayla Hoffman,88758 Skinner Ports Kevinchest,Sophiaport,Slovenia,(164)007-4419x9,0,0
149,Andrew Smith,799 Barnes Point Suite 079 Lak,West Christy,Bhutan,+1-927-097-1743,0,0
150,James Thomas,43041 Pamela Plaza Apt. 491 So,Johnsonstad,Bahrain,580-261-4909x73,0,0
151,Chelsea Mcclain,020 Le Crescent West Carol DE,Kimberlychester,Panama,+1-240-121-1916,0,0
152,Craig Rich,USCGC Gregory FPO AP 73150,Lake Mandy,Togo,(614)872-7065x0,0,0
153,Rhonda Moore,73980 Warren Shoals Suite 231 ,Stantonville,Saint Kitts and Nevi,001-088-106-523,0,0
154,Helen Davis,50303 Sharon Pike New Kayla H,Mitchellbury,Solomon Islands,(887)105-8705,1,0
155,Sarah Nichols,941 Medina Stream Suite 899 Ne,Oconnorhaven,Honduras,514-424-0896x67,0,0
156,Jessica Wood,799 Kurt Station Caitlinmouth,New Joshuabury,Morocco,150.250.9726,0,0
157,Gabriel Robinson,2343 Elijah Pike Apt. 926 Bria,Collinshaven,Mozambique,+1-867-877-8876,0,0
158,April Henderson,4721 Hines Meadow Grantton DE,Andrewchester,Mayotte,(241)573-3019x6,0,0
159,Cynthia Curtis,8936 Johnston Mission Harrissh,Cameronton,Jersey,+1-091-178-8748,0,0
160,Ronald Lewis,1642 Brown Loaf Howeville MI ,Tammyton,Mauritius,488.837.3348,0,0
161,Jason James,17577 Ashley Parkways Apt. 740,Huntermouth,Argentina,701.861.3865x93,0,0
162,Gregory Adams,000 King Green Veronicaton MO,Michaelstad,San Marino,(228)640-4819x1,0,0
163,Wesley Knight Jr.,612 Curtis Falls Kimberlyberg,North Whitneyhaven,Bhutan,174-157-7505,0,0
164,Teresa Harris,221 Browning Hollow Kellyview,South John,Kenya,001-339-970-676,0,0
165,Erin Nelson,99517 Emily Radial Suite 783 S,Johnsonburgh,Andorra,882.536.1378,0,0
166,Amanda Wilson,Unit 5891 Box 1306 DPO AA 0611,New Jefferybury,Ireland,001-217-820-955,0,0
167,Brian Lopez,PSC 1130 Box 8079 APO AE 6422,North Joshua,Finland,688-014-5531x25,0,0
168,Joshua Aguirre,19787 Mitchell Mountain Brownl,New Sara,Benin,(199)308-2751x8,0,0
169,Mathew Garcia,87268 Alexis Prairie Brittanym,Christinaton,United States of Ame,(358)352-6049x2,0,0
170,Brittany Day,554 Joseph Burgs South Gary O,Lake Abigail,Thailand,001-093-542-583,1,0
171,Craig Trevino,07814 Katie Dam East Codyside,Guzmanview,Oman,225-646-7831x21,0,0
172,Christopher Jackso,2992 Whitney Isle Geneville C,Smithchester,Bhutan,001-961-632-179,0,0
173,Mitchell Pugh,865 Williams Trafficway Apt. 5,Hannahbury,Niger,236.203.5775x83,0,0
174,Kim Santiago,908 Catherine Junction Apt. 81,Elliottville,Equatorial Guinea,(601)291-6945x2,0,0
175,Jennifer Scott,67000 Cooper Bridge Apt. 083 N,New Connieport,Ghana,(699)549-0247x3,0,0
176,Victor Downs,52129 Ferrell Wall Apt. 291 Po,Port Amy,Myanmar,752.962.6159x24,0,0
177,Thomas Morgan,PSC 9942 Box 4338 APO AE 5008,South Amy,Norfolk Island,+1-877-442-4452,0,0
178,Nicholas Riggs,3158 Diane Isle Suite 938 Dere,Ariasstad,Anguilla,036.891.6042,0,0
179,Jacob Norton,12480 Hopkins Brook Suite 240 ,Port Steven,Vanuatu,001-894-369-935,0,0
180,Joseph Stevenson,USS Hodges FPO AA 39262,North Alexisland,Panama,+1-787-818-2757,0,0
181,Christopher Johnso,9083 Christopher Shoals Suite ,Lake Jayton,Hong Kong,+1-549-782-0042,0,0
182,Jason Duncan,7075 Andrew Isle Lake Ericahav,West Gregory,Suriname,658-402-8408x15,0,0
183,Margaret Travis,977 Denise Centers Suite 958 N,North Kaylaview,Bangladesh,(498)820-5325x3,0,0
184,Robert Dennis,62514 Haney Mission Apt. 872 N,New Christinatown,Russian Federation,013-977-6504,0,0
185,Stephanie Fisher,470 Wells Field Apt. 684 East ,Oconnortown,Bulgaria,001-157-580-476,0,0
186,Megan Thompson,PSC 9729 Box 1083 APO AP 5213,South Larry,Israel,472.404.6570x96,0,0
187,Benjamin Cobb,PSC 5658 Box 6637 APO AA 8177,Port Markton,Cote d'Ivoire,9160727802,0,0
188,Jennifer Villanuev,6873 Brown Rue Lake Joshuaboro,East Nicolemouth,Somalia,824-357-6096,0,0
189,Joshua Hansen,368 Greene Summit Anthonyville,Jimmyside,Zimbabwe,+1-712-462-6463,0,0
190,Diana Lopez,8589 Spencer Rapids Suite 585 ,Port Kathleenfort,Germany,821.318.3908x90,0,0
191,Chase Patrick,5787 James Burgs North Kelli ,Smithstad,Bahrain,001-371-601-134,0,0
192,Dominique Schmidt,USNS Brady FPO AP 37711,Michaelmouth,Cocos (Keeling) Isla,082.200.9436x71,0,0
193,Brittney Morales,2824 Parsons Passage Apt. 938 ,Cherylberg,Peru,+1-344-493-3928,0,0
194,Alyssa Brown,24969 Thomas Grove Nancyton I,Shawfurt,Kazakhstan,001-727-455-596,0,0
195,Jamie Miller,63033 Palmer Garden Apt. 466 M,Christophermouth,Mauritius,001-693-106-571,0,0
196,Philip Hall,USCGC Moore FPO AA 88342,Donaldmouth,Djibouti,(097)033-5735,0,0
197,William Suarez,488 Shawn Port South Jasonview,Tammyville,Congo,397-163-8027,0,0
198,Joshua Jones,USS Payne FPO AA 00689,Dawnburgh,Kenya,631-852-9693x13,0,0
199,Brian Burgess,531 Garcia Station Michaelburg,North Melaniefort,Palestinian Territor,327.889.2635x58,0,0
200,Trevor Williams,662 Dixon Falls Matthewview N,North Alantown,Palau,+1-150-407-3478,0,0
201,Allison Hernandez,USS Harris FPO AE 19045,Sarahborough,Cambodia,131-148-5422,0,0
202,Jennifer White,121 Michelle Pass New Gary WI,North Ashley,New Caledonia,414.371.6657x70,0,0
203,Ana Johnson MD,0298 Hess Roads New Ashley TX,Katrinaport,Niger,001-071-271-583,1,0
204,Lori Anderson,PSC 1148 Box 2615 APO AP 7023,Douglasport,Guinea,+1-565-497-6869,0,0
205,Sarah Day,6485 Andrea Squares East Johnb,Vazquezton,Thailand,(213)147-6101x3,0,0
206,William Lowery,027 Barnes Manors New Sandrabo,Allisonborough,French Guiana,001-357-384-012,0,0
207,Sheryl Garza,9175 Pruitt Fall Apt. 884 Port,Bryanshire,Barbados,822.174.0120x36,0,0
208,Jennifer Bennett,8983 Griffin Station Apt. 646 ,Sanchezborough,Norway,922-532-5149x27,0,0
209,Janet Robinson,28439 Caleb Heights West Amy ,Lake Donnafort,Bulgaria,114.180.1486,0,0
210,Patrick Miller,188 Andrew Cliffs Apt. 120 Mic,Johnfurt,Oman,001-287-357-458,0,0
211,Jamie Lawrence,158 Shelley Way Gonzalezville,New Suzanne,Iraq,323.178.0524x63,0,0
212,James Murphy,23561 Lee Center Suite 804 Jas,Munozborough,Heard Island and McD,001-480-976-433,0,0
213,Patricia Wilson,319 Matthew Ways Port Sarah W,East Kevinfort,French Polynesia,001-068-032-352,0,0
214,Eric Jones,78892 Jeremy Hill Apt. 270 Vaz,North Joel,Guinea,001-159-684-621,0,0
215,Rachel Wolf DDS,90124 Walker Knoll Apt. 018 La,North Brandonburgh,Sudan,(836)084-9815x2,0,0
216,Heather Stewart,148 Wilson Freeway Apt. 988 Po,Rileychester,Pitcairn Islands,104.478.8309x15,0,0
217,Angelica Burns PhD,8659 Obrien Overpass Perezmout,Kellymouth,Niue,424.412.5529,0,0
218,Jessica Mullen,62583 Eric Port North Josephto,Hernandezbury,Mali,416.539.8269x73,0,0
219,Desiree Browning,537 Katie Summit Suite 104 Por,Henrymouth,Greece,0249730137,0,0
220,Rhonda Hill,100 Alexander Wells Katiehaven,Lake Christophermout,American Samoa,314-089-3202x12,0,0
221,John Hammond,48452 Colon Wall Suite 123 Kin,New Anthony,Singapore,001-211-272-793,0,0
222,Scott Jackson,06887 Angela Haven Port Chad ,Port Jessica,Venezuela,273.374.3425x72,0,0
223,Victoria Brandt,05189 Micheal Forks Suite 976 ,West Martinfurt,Sao Tome and Princip,+1-311-095-3568,0,0
224,Michelle Glenn,PSC 2166 Box 0113 APO AE 2550,Martinside,Mexico,(197)928-0596,0,0
225,Nicole Evans,74381 Kaiser Cliff Apt. 928 We,Lake Carolynburgh,Bulgaria,001-145-413-755,0,0
226,John Roberts,Unit 7869 Box 6629 DPO AE 3615,West Jeremy,Tunisia,774.819.2008x87,0,0
227,Brittany Rogers,525 Tara Station Stephaniehave,South Laura,Madagascar,+1-017-256-8554,0,0
228,Drew Jones,USNV Kline FPO AE 22059,Port Kaitlinshire,Senegal,001-872-352-446,1,0
229,Timothy Anthony,6357 Waters Throughway Apt. 66,Kathyville,Germany,(352)167-3650x8,0,0
230,Nicole Tran,USNV Walker FPO AE 01543,Nicholston,Equatorial Guinea,+1-164-548-4016,0,0
231,Jaime Conley,2972 Justin Branch Apt. 274 No,Wilsonfort,Libyan Arab Jamahiri,001-978-321-820,0,0
232,Danielle Martin,PSC 6451 Box 2490 APO AA 8758,Arroyomouth,Bermuda,001-322-375-657,0,0
233,Christina Beard,19158 Young Valleys Ramirezsta,Port Brian,Australia,574-127-1501,0,0
234,Daniel Evans,97771 Jones Brook Suite 505 Me,Jessicaland,Norfolk Island,7403719290,0,0
235,Andrea Lewis,43636 Lucas Estates North Arie,East Thomas,Ethiopia,350.499.3812x25,0,0
236,Alyssa Peterson,700 Michele Manors Michaelmout,South Craig,Guatemala,889-792-7744x58,0,0
237,Angela Riley,6975 Collins Harbor Suite 711 ,North Patricia,Anguilla,662.981.3617x49,0,0
238,Mitchell Bender,739 Christensen Summit Apt. 01,Leonborough,Guam,+1-372-162-8954,0,0
239,John Mckee,20870 Bartlett Road Ashleyland,East Carlos,Niue,243.904.9120,0,0
240,Jeanette Marsh,7856 Cobb Radial Apt. 399 Jona,South Rebecca,Saint Helena,5176194755,0,0
241,Aaron Gonzalez,772 Burns Stream Suite 138 Jac,West Susanchester,Hong Kong,(670)036-8097,1,0
242,Janet Kirby,2305 Jennifer Flats Suite 697 ,New James,Azerbaijan,571.136.2147x82,0,0
243,Robert Foster,877 Taylor Brooks West Melissa,Lake Josephport,Poland,+1-400-378-0313,1,0
244,Tony Allen,1213 Mann Camp Suite 431 Port ,Brownmouth,Reunion,642.524.0433x14,0,0
245,Karen Taylor,79919 Alexis Dale New Olivia ,New Bryan,Cocos (Keeling) Isla,+1-063-641-4770,2,0
246,Olivia Williams,57552 Brandon Divide Lake Juan,Daniellebury,Czech Republic,(316)436-4574x1,0,0
247,Matthew Terry,6649 Fletcher Extensions Apt. ,Millerbury,Cook Islands,001-336-233-334,0,0
248,Scott Melton,0882 Stafford Camp Port Kimber,Stewartmouth,Niue,255-588-0219,0,0
249,Julian Scott MD,145 Tiffany Plaza Apt. 147 Nel,Lancetown,Saint Martin,571.374.3600,0,0
250,Benjamin Douglas,7677 Lawrence Crest Suite 656 ,West Rachel,Guam,+1-961-754-2396,0,0
251,Tanya Hamilton PhD,76680 Christopher Ways Suite 5,Millerstad,Kenya,736.611.7235x25,0,0
252,Adam Evans,40834 Powell Dale Apt. 246 Jos,Port Samanthafort,Czech Republic,082.676.3188x19,0,0
253,Ruben Gilbert,073 Cox Road Christianborough,Robinsontown,Grenada,+1-663-893-3867,0,0
254,Anthony Dominguez,Unit 2289 Box 6501 DPO AE 6249,Stevenfurt,Macedonia,+1-456-780-6828,0,0
255,Jacqueline Parsons,4562 Christopher Ramp Apt. 048,New Frances,Estonia,214-788-4514x90,0,0
256,Alec Cook,9944 Crane Avenue Suite 881 Ne,East Jadefurt,Zimbabwe,851-595-3219,1,0
257,William Hunter,PSC 1408 Box 0953 APO AA 5456,New Brittany,Slovakia (Slovak Rep,+1-261-201-3350,0,0
258,Raymond Gutierrez,75425 Yvonne Keys Apt. 064 Sou,Gonzalezborough,Macao,001-508-141-094,0,0
259,James Sellers,360 Melissa Village Apt. 151 S,New Katherineberg,Uzbekistan,504.751.7079x21,0,0
260,Dr. Connie Wilson,95461 Gentry Forge Riosport M,Leonview,Cayman Islands,082-050-5365,1,0
261,Diana Cook,37847 Cherry Underpass Apt. 98,Lake Leslieborough,Bouvet Island (Bouve,+1-416-974-7697,0,0
262,Daniel Smith,721 Adam Wells Suite 977 Port ,New Joshuafurt,Iraq,7376075917,0,0
263,David Bell,446 Hanna Key Suite 029 South ,Port Thomasstad,Turks and Caicos Isl,627.043.9770x78,0,0
264,David Wright,38303 Silva Path Apt. 519 Nort,South Shane,Austria,+1-247-504-6676,0,0
265,Anthony Perez,677 Elizabeth Station Suite 91,Lake Samanthaton,El Salvador,118.362.2691x33,1,0
266,Robert Curry,232 Phillips Grove Apt. 073 Ne,Owensfort,Moldova,(477)177-6129x7,0,0
267,Holly Greene,USCGC Mccoy FPO AA 83031,East Russell,Zambia,365-744-7220x78,0,0
268,Mr. Gary Nguyen,3069 Christina Locks Apt. 104 ,Jessicachester,Holy See (Vatican Ci,101-839-2151x31,0,0
269,Kevin Johnson,Unit 0945 Box 6820 DPO AE 9960,Lake Michelleland,Yemen,733.494.9103x23,1,0
270,Judith Moore,1218 Ayers Mall Apt. 884 Port ,West Heidistad,Czech Republic,578-831-7143,0,0
271,Ricardo Smith,4465 Price Garden Suite 645 Wa,Lake Davidville,Saint Pierre and Miq,+1-579-798-9229,0,0
272,Robert Contreras,6839 Morris Mount Suite 041 Ma,New David,Iraq,(613)530-8540,0,0
273,Denise Owens,0132 Medina Ford Collinsstad ,Gomezburgh,Guam,7676772465,0,0
274,Jimmy Nelson,793 Martin Mission Suite 748 H,Savageville,Australia,730.147.6912x89,0,0
275,Mr. Christopher St,4040 Seth Crest North Devonpor,Holthaven,India,1929041600,0,0
276,Eric Mccormick,59053 Carey Divide Apt. 868 La,East Danielmouth,British Virgin Islan,071.325.3031,0,0
277,Samantha Davis,USNS Pierce FPO AE 26352,South Samantha,Guatemala,589-456-7197x56,0,0
278,Mrs. Jacqueline St,48230 Krueger Avenue Lewistown,Turnermouth,Philippines,005.542.6823,1,0
279,Lisa Bates,9628 Barnes Curve Apt. 630 Sha,Melaniemouth,New Caledonia,+1-423-878-7291,1,0
280,Andrew Davis,989 Robert Burgs Suite 592 Gab,North Aprilmouth,Kazakhstan,001-017-808-249,0,0
281,Mrs. Michelle Jone,212 Knight Ferry Apt. 848 Jame,South Rebecca,Papua New Guinea,(309)596-5744,0,0
282,Sarah Hernandez,8121 Eduardo Crest Suite 494 M,Lake Jenniferchester,Gambia,909-441-5257x11,0,0
283,Stacey Mendoza,117 Deleon Haven Suite 411 Lak,Lake Andrea,Angola,001-217-759-578,0,0
284,Matthew Choi,80945 Garcia Pass Walterburgh,South Kimberlymouth,Pitcairn Islands,553.790.5309x17,0,0
285,Michelle Vaughn,807 Lisa Pike Apt. 479 Rowesta,Clarkshire,Kiribati,5807145473,0,0
286,Angela Wilson,57061 Geoffrey Key Suite 814 W,Madisonmouth,Vanuatu,(339)333-8822,0,0
287,Michael Tucker,2795 Paula Squares South Grego,Amandaton,Niger,(278)479-3299x6,0,0
288,Kurt Little,9319 Kelly Squares Suite 283 W,New Sarah,Reunion,(057)972-8890,0,0
289,Jamie Carrillo,03178 Diaz Key Apt. 869 Lauren,Wallaceland,Bahrain,+1-618-408-2544,0,0
290,Jennifer Burke,Unit 5162 Box 5751 DPO AP 8217,Wongville,Lebanon,686.009.6818x55,0,0
291,Aaron George,563 David Pine Apt. 390 North ,Vasquezburgh,Marshall Islands,001-659-212-472,0,0
292,Heidi Rivers,307 Mary Gardens Apt. 351 East,East Christianfurt,Yemen,476.337.5797,0,0
293,Matthew Banks,48844 Christopher Groves Apt. ,East Vanessa,Central African Repu,001-939-280-732,0,0
294,Wanda Young,16678 Ashley Divide Suite 890 ,Randolphshire,Slovenia,(245)723-0229,0,0
295,Nathaniel Castro J,718 Heather Village Apt. 142 N,Port Jessica,Switzerland,057-699-8032x90,0,0
296,Lisa Villegas,6974 Dennis Heights Bradleybur,West Kristi,Azerbaijan,331-481-8015x77,0,0
297,Sarah Lee,73864 Joseph Pass Hartchester,West Tiffany,Moldova,(858)607-3696x4,0,0
298,Jennifer Rivera,0637 Wang Extension North Bail,Candaceshire,Ecuador,504-930-2792x04,0,0
299,Ryan James,6101 Luis Rest Apt. 277 Joshua,West Nathanchester,Lebanon,(298)253-0976,0,0
300,Scott Ross,558 Mark Port Apt. 228 Jeffrey,West Hollyport,United States of Ame,304.665.6102,1,0
301,Cooke  Knapp and J,2915 Ferguson Extension Smithl,Tuckerborough,Hungary,269-393-5532,0,1
302,Dickson  Wilson an,108 Brown Road Pamelaburgh WV,East Paulbury,Portugal,+1-317-504-0640,0,1
303,Roberts-Roberts,759 Thomas Route Luishaven AK,Deannahaven,Iraq,712.956.1369,0,1
304,Horne Inc,37643 Coleman Flats Suite 739 ,Davidland,Gibraltar,190.377.9863x77,0,1
305,Rivers Inc,1334 Philip Unions East Austin,Hicksfurt,Taiwan,1885668222,0,1
306,Bennett-Simon,0458 Rodgers Rest Mccoyton IL,Jacobburgh,United Arab Emirates,(053)985-9897,0,1
307,Whitaker  Dunn and,PSC 0264 Box 8540 APO AA 2321,New Anna,Saint Lucia,4386694756,0,1
308,Allen Inc,5434 Robert Row Suite 646 Nort,Lake Duane,Croatia,836-289-1651x12,0,1
309,Wright Inc,4207 Patrick Falls South Brand,East Darlene,American Samoa,519.067.9190x59,0,1
310,Alvarado PLC,00059 Mills Curve Suite 697 Ma,East Brandonchester,New Caledonia,(281)151-4708x0,0,1
311,Lee-Marshall,264 Cynthia Ports Suite 227 Da,Joshuaburgh,Eritrea,586.840.4481x77,0,1
312,Andrews Ltd,37364 Berry Isle Suite 321 Dar,East Carl,Sweden,001-500-073-788,0,1
313,Roberts Group,09142 Walter Lakes South Kelly,East Michelleland,Belize,316-645-0978x62,0,1
314,Coleman  Randolph ,15509 Williams Extensions East,Weberburgh,Dominica,+1-992-930-3738,0,1
315,Miller-Rivera,46319 Brown Canyon West Caleb,West Danielton,Guam,+1-681-620-7243,0,1
316,Hernandez  Moore a,09422 Fitzpatrick Shoal Apt. 2,Harperside,Cote d'Ivoire,5615282666,0,1
317,Mcintosh-Hartman,124 Ryan Knolls Michellecheste,Port Danielleland,Cayman Islands,357-588-4353x82,1,1
318,Warren-Juarez,5254 Carlson Throughway West M,East Dianemouth,Jordan,608-682-9635x42,0,1
319,Davis  Curry and M,884 Cory Viaduct Suite 801 Wes,Thomasland,Swaziland,001-635-594-840,1,1
320,Daniel PLC,7274 Johnston Square Suite 775,East Luisfurt,Belarus,1119292752,1,1
321,Sloan-Gonzales,Unit 4837 Box 3556 DPO AA 0540,Youngburgh,Netherlands,265.522.7596,0,1
322,Soto  Hardy and Wh,24170 Travis Ferry Suite 552 H,Kathleenchester,Kenya,366-584-3887,0,1
323,Fischer Group,38168 Hays Pine Rodriguezbury,Carlamouth,Djibouti,(702)166-4568x5,0,1
324,Carpenter  Snow an,1809 Darrell Radial Apt. 674 W,Lake Morganbury,Congo,+1-334-887-8955,0,1
325,Hobbs  Harvey and ,36023 Sutton Common Suite 029 ,Cannonland,Tuvalu,888-855-7525x85,0,1
326,Harris PLC,3156 May Expressway Suite 512 ,New Aarontown,United Kingdom,001-964-973-544,0,1
327,Richmond  Norman a,22875 Elizabeth Pines Masonsta,Josephburgh,Venezuela,+1-264-004-0196,0,1
328,Flores  Zavala and,3902 Phillip Crossroad Suite 2,Sandraville,Bolivia,635-963-7927,0,1
329,Moore  Duran and H,PSC 6097 Box 4064 APO AE 0479,South Timothyview,China,895-020-5751,0,1
330,Thompson-Ward,90278 Ashley Keys Port Stephen,Madelinestad,British Indian Ocean,992.363.0628,0,1
331,Farley  Pratt and ,USNS Dixon FPO AE 65911,Vanceberg,Reunion,4496752360,0,1
332,Potter Group,72050 Wood Fork Apt. 905 Brend,Holmestown,Croatia,(054)699-9039x9,0,1
333,Gay PLC,70161 Angela Shoal Lewisview ,Port Thomas,Qatar,675-699-0778x36,0,1
334,Green Group,87322 Pugh Flat Port Patrick ,Joshuashire,Antarctica (the terr,001-300-693-016,0,1
335,Jones  Johnson and,7850 Amanda Forge Port Timothy,Kerrview,Romania,230-608-9325x07,0,1
336,Williams-Hess,PSC 4827 Box 9593 APO AP 8810,Delgadoport,Sri Lanka,5559080281,0,1
337,Woods Ltd,1008 Jonathan Valley Suite 008,Arnoldbury,Micronesia,(291)600-6787x1,0,1
338,Patterson PLC,39834 Kimberly Landing East Vi,West Monicaside,Latvia,2553863153,0,1
339,Smith Group,641 Sherry Viaduct North Geral,Washingtonview,Kenya,(060)293-3356x7,0,1
340,Hernandez-Porter,10381 Edwards Streets Suite 66,New Emily,Vanuatu,+1-897-707-6760,0,1
341,Kirk  Phillips and,2124 Garrison Shoal Jenniferha,West Tommy,Palestinian Territor,099-573-2855,0,1
342,Johnston  Mills an,128 John Alley Port Catherineb,Hillton,Ghana,+1-368-540-3458,0,1
343,Swanson Ltd,972 Butler Unions Coleland WI,Loriville,Saint Barthelemy,+1-943-847-5187,0,1
344,Bell  Rodriguez an,69334 Hayes Freeway Apt. 160 S,North Evan,Taiwan,0092768500,0,1
345,Mcconnell  Mitchel,54639 Ronald Curve Apt. 197 Ne,Lewisstad,Monaco,698.596.3557x68,0,1
346,Mullins Group,572 Watson Islands Apt. 245 Za,Lake Veronicatown,Belarus,+1-835-943-6517,0,1
347,Smith  Gutierrez a,528 Small Mountain Morrishaven,New Natalie,Japan,007.337.0057,0,1
348,Barron-Mckay,1064 Heather Keys Suite 833 La,Matthewberg,Canada,856.654.6756x29,0,1
349,Blankenship Inc,645 Kenneth Circles New Elizab,Port Sheilatown,Martinique,308-329-8154x24,0,1
350,Bray  Wilson and H,89938 Davis Courts Suite 770 W,Cortezstad,Trinidad and Tobago,(894)315-0075,0,1
351,Macdonald Ltd,8957 Edward Ferry Erikville T,Port Joy,Monaco,023-242-2740,0,1
352,Mendoza and Sons,72350 Michael Hill Port Robert,Port Kelly,Lesotho,7192934064,0,1
353,Cunningham Ltd,7816 Herrera Walk South Tylerf,Patrickbury,Japan,843.893.7314x58,0,1
354,Mora Inc,Unit 1583 Box 8136 DPO AE 7938,Johnberg,Puerto Rico,2300867533,0,1
355,Henderson-Jimenez,25299 John Walks Apt. 988 Joel,West Caitlin,Pakistan,001-871-215-570,0,1
356,Brown  Morris and ,024 Mendoza Forge Suite 599 La,Caseybury,Philippines,(621)987-1963x8,0,1
357,Michael-Stanley,36454 Michelle Well New Brando,Darrenshire,Angola,517-563-3258x47,0,1
358,Lopez-Guerrero,675 Warner Trail Cervantesport,Lake Jamie,Guinea-Bissau,0028218361,0,1
359,Cruz PLC,1403 Carolyn Ranch North Jonat,Port Jasonhaven,Turkey,740-008-1463,0,1
360,Potts  Jackson and,03855 Cruz Cliffs North Eric ,Lake Edwin,United States Minor ,959.306.1609,0,1
361,Miller  Solis and ,720 Bradley Cape Apt. 045 Stri,West Jillian,Cameroon,+1-832-528-4347,0,1
362,Hart  Wallace and ,USS Barry FPO AP 60407,Tylerstad,Vietnam,(976)272-4423x0,0,1
363,Stewart-Anderson,01410 Philip Dam Apt. 119 Lake,Terrellchester,Norway,001-234-275-113,0,1
364,Smith-Goodman,88791 Andrew Drive Suite 958 B,Rebeccastad,Guinea,630-245-0657,0,1
365,Edwards-Lara,787 James Cliffs Suite 507 Lak,Gutierrezshire,Palestinian Territor,+1-274-861-5360,0,1
366,Green-Good,49671 Cesar Fork West Joshua ,Parkermouth,Venezuela,001-600-709-819,0,1
367,Dickerson-Ellis,63115 Johnson Highway Suite 63,Wagnershire,French Polynesia,(179)650-0967,0,1
368,Mccann-Taylor,18724 Clark Divide South Jimmy,Graveshaven,Somalia,318.478.6180x90,0,1
369,Blair-Rivera,027 Blankenship Haven Apt. 700,Tylertown,Togo,+1-493-935-5140,0,1
370,Armstrong  Rivera ,9716 Keller Path Wilkinsburgh,Espinozastad,Lao People's Democra,380.901.1200x91,0,1
371,Boyer and Sons,6303 Dawson Locks West Danasid,New Matthew,United Arab Emirates,+1-474-362-2003,0,1
372,Barnett and Sons,3586 Larry Falls Gonzalesstad,Smithside,Venezuela,2498339139,0,1
373,Black-Page,2836 Morris Passage North Sara,North Kathy,New Zealand,504-687-8332,1,1
374,Peck Ltd,8641 Patricia Cape Torrestown,Chelseymouth,Portugal,(406)038-8271x3,0,1
375,Wells PLC,6757 Julian Flat Apt. 991 Nort,Lake Christopherboro,Wallis and Futuna,769-287-8846x00,0,1
376,Thomas Ltd,82586 Jeffrey Ranch Suite 580 ,Alanshire,Japan,6750511920,1,1
377,Owens  Watson and ,015 Hartman Lights Suite 048 W,Branditon,Congo,375-335-2355x35,0,1
378,Dickerson Group,USNS Bradley FPO AA 81173,East William,New Zealand,3352777969,0,1
379,Gay LLC,494 Chavez Brook Lake Deborahv,North Tara,Morocco,947-405-2532x45,0,1
380,Carlson  Jenkins a,3844 Ann View Wilsonberg MN 3,Lake Daniel,Pakistan,001-249-137-619,0,1
381,Gilmore-Young,4568 Mckee Motorway Apt. 973 L,Cameronberg,Nicaragua,809-614-3675,0,1
382,Anderson Ltd,446 Yvonne Plaza Kellyville N,Barrmouth,Hungary,812.424.5708x00,0,1
383,Melton  Silva and ,84235 Aguilar Radial Toniberg,Hernandezberg,Gabon,(329)470-8174,0,1
384,Christensen  Gordo,674 Brian Shoal Suite 187 Nort,Howeland,United States of Ame,124-595-1221,0,1
385,Mcguire  Hoffman a,663 John Street Suite 872 Nort,Williamsbury,Senegal,750.169.8325,0,1
386,Green  Riley and M,168 Thomas Gateway South Kelly,Weavertown,Micronesia,(986)556-5086,0,1
387,Obrien and Sons,1531 Todd Fork Ruthstad MO 04,South Kimberlyland,Somalia,4303707348,0,1
388,Sosa LLC,66415 Ford Estate South Luis ,Kellistad,Sweden,696.568.2873x86,0,1
389,Wright-Hanson,90507 Janet Springs Aprilhaven,Heatherland,Guinea-Bissau,(543)024-4728x3,0,1
390,Sanchez-Jefferson,64925 Stacey Stravenue Lake El,Lake Charles,Heard Island and McD,(655)479-4683x6,0,1
391,Brown Ltd,10979 Combs Roads Port Penny ,West Danielville,Israel,(409)831-8002,0,1
392,Johnson-Kane,1905 Isaac Place Apt. 429 Coll,New Cassidybury,Isle of Man,109-225-9519,0,1
393,Ward  Sharp and Pe,51042 Traci Valleys Apt. 003 E,New William,Anguilla,(542)914-6815,0,1
394,Dudley  Carr and S,1705 Nelson Walks East Michael,Kaylastad,Jamaica,001-393-720-799,0,1
395,Morris PLC,834 Sharp Lodge Suite 069 Adam,East Rhonda,French Guiana,376.040.2157,0,1
396,Bolton Inc,469 Smith Glens East Laura ME,Port James,Chad,+1-797-703-7125,0,1
397,Brown-Bentley,7042 Matthew Greens New Danasi,West Taramouth,Guam,(429)667-9292x6,0,1
398,Thompson  Ramirez ,97501 Jacobs Neck Apt. 216 Rut,Johnnyton,Jordan,7116418044,0,1
399,Calderon PLC,14634 Hicks Locks New Tyler N,Kevinbury,Gambia,1450601113,0,1
400,Campbell and Sons,20190 Williams Burgs Deborahbu,Paulfort,Monaco,605.246.3518x42,0,1
401,Mahesh,25564 Cook Via Suite 262 Lake,Bangalore,India,985426689,0,0
